wine_id,external_id,size,vintage,price,purchase_price,info,storage_area,quantity,internal_notes,visible
wine_01h0f3cmcryt4378rdjjxnvwks,v.54031.2019.b,BOTTLE,2019,8000,2400,,,2,,True
wine_01h4pmmfk4r4b0zw20w3bs508g,v.9395.2021.b,BOTTLE,2021,6000,2000,,,8,,True
wine_01gzr4ksjg2aydd3xcgwzjv24q,v.79013.2023.b,BOTTLE,2023,2900,865,,,21,,True
wine_01h0f3cmb3kdn8xhtpbvng3mbs,v.73695.2019.b,BOTTLE,2019,12000,3000,,,3,,True
wine_01gzr4ksk5pm90nznnqsrj1261,v.33414.2022.b,BOTTLE,2022,3000,880,,,4,,True
wine_01gzr4ksnys8fgvsbw2vjzvg9z,v.33241.2022.b,BOTTLE,2022,4100,1450,,,12,,True
wine_01hczek28dawq2yxn253kjxhf8,v.69606.2020.b,BOTTLE,2020,3300,990,,,4,,True
wine_01gzr4kte8m02p84bz251s0b43,v.3148.2023.b,BOTTLE,2023,3900,1350,,,12,,True
wine_01gzr4kte9rp2hazva5brtt860,v.40430.2020.b,BOTTLE,2020,6500,2500,,,4,,True
wine_01h0f3cmcrrsej2dts0wkfe6bn,v.32710.2019.b,BOTTLE,2019,10000,2900,,,4,,True
wine_01gzr4ktrggwtrst20gvrddbxh,v.47861.2022.b,BOTTLE,2022,2900,865,,,6,,True
wine_01h4pmmg33x11ewhd3qh0j5as5,v.47859.2022.b,BOTTLE,2022,3800,1175,,,12,,True
wine_01h0my5sexgaxxcfsxzswq3qa7,v.47858.2020.b,BOTTLE,2020,5900,2395,,,6,,True
wine_01gzr4ktj54mn23yzqbqb8karc,v.19257.2021.b,BOTTLE,2021,3800,1195,,,12,,True
wine_01gzr4kt6376t2k9aavvyna6dc,v.16114.2023.b,BOTTLE,2023,2500,710,,,6,,True
wine_01h0qzm1803vyrqeh21gz4aknr,v.13876.2023.b,BOTTLE,2023,2800,760,,,5,,True
wine_01gzr4ksspeypw822x85nyaeng,v.91375.2021.b,BOTTLE,2021,3200,960,,,8,,True
wine_01harvcmga34j6xtskkgecyjj4,v.96743.2023.b,BOTTLE,2023,0,660,,,1,,True
wine_01gzr4ktf7ftemzzj4cev6ghy5,v.764.2022.a,HALF_BOTTLE,2022,2600,720,,,3,,True
wine_01gzr4ktff1pne0qgmg647nd8y,v.30701.2019.b,BOTTLE,2019,4800,1780,,,6,,True
wine_01h0my5rnfpfayk63vrxb97drn,v.57547.2022.b,BOTTLE,2022,2200,650,,,32,,True
wine_01h0my5vq1qgg9arrtwrhp01hm,v.37273.2022.b,BOTTLE,2022,4100,1335,,,6,,True
wine_01h0my5rndvgnwcf85p8x82psk,v.9319.2018.b,BOTTLE,2018,3400,0,,,12,,True
wine_01h0my5t9n1r5kzsac7gd5qjq4,v.11280.2016.b,BOTTLE,2016,4000,1320,,,6,,True
wine_01h0my5t9njc3zp8cd454jpd61,v.9318.2022.b,BOTTLE,2022,2500,690,,,35,,True
wine_01h0my5t9n3k8pwsmwj026f96h,v.11281.2020.b,BOTTLE,2020,5100,1950,,,3,,True
wine_01h0my5t9nqtn5zpjrznzt3zgr,v.97515.2022.b,BOTTLE,2022,2800,790,,,2,,True
wine_01h4pmmfh6ykavgqfmt3gs73av,v.35327.2023.b,BOTTLE,2023,3500,1100,,,2,,True
wine_01h0my5rney8yjqvqxfxxdzvqm,v.480.2020.b,BOTTLE,2020,4400,1350,,,11,,True
wine_01h0my5vq1jsx6gybd6mzf8kt9,v.30704.2021.b,BOTTLE,2021,3300,955,,,6,,True
wine_01gzr4ktfhymenneav6e00x080,v.8935.2020.b,BOTTLE,2020,5500,1780,,,7,,True
wine_01gzr4ktfhaycfywrvtjqgaqfk,v.3663.2022.b,BOTTLE,2022,0,830,,,2,,True
wine_01gzr4ktfh4ygvf4hn9d6pcc80,v.8937.2020.b,BOTTLE,2020,4900,1700,,,4,,True
wine_01h0qsxmy7yh5b7e50qp2kte7v,v.91376.2021.b,BOTTLE,2021,2800,819,,,22,,True
wine_01jfs2bd2e88gdeyt2webt9dt9,v.91374.2022.b,BOTTLE,2022,2200,396,,,18,,True
wine_01hcw4dg6dv9g5gxrdbgxq0pz4,v.95516.2023.b,BOTTLE,2023,2700,750,,,1,,True
wine_01h4pmmfk4x86xh2qkcncca1z8,v.9394.2022.b,BOTTLE,2022,4000,1050,,,19,,True
wine_01harvcmgbbq64tqdh7mp7fs7g,v.70469.2021.b,BOTTLE,2021,3700,1220,,,2,,True
wine_01gzr4kte8y51z3nr5fatpv8xk,v.68712.2022.b,BOTTLE,2022,3500,1050,,,7,,True
wine_01gzr4kte9czcdyxtfwtktsc5b,v.3149.2023.b,BOTTLE,2023,3000,950,,,6,,True
wine_01gzr4kte76vb92tyn7h1yhksm,v.3150.2022.b,BOTTLE,2022,3200,1000,,,63,,True
wine_01gzr4ksqrm500svg5yjw9b95f,v.14577.2016.b,BOTTLE,2016,2600,780,,,1,,True
wine_01gzr4ksqrtmt19jn6qy74mm20,v.7563.2023.b,BOTTLE,2023,1900,490,,,10,,True
wine_01gzr4ksk68e54tnsqw760cv4w,v.3627.2022.b,BOTTLE,2022,3000,880,,,4,,True
wine_01gzr4ksn05f0yjqmd5zyanbnt,v.69587.2023.b,BOTTLE,2023,2700,740,,,12,,True
wine_01gzr4ksn3f2tnkzkq76264xcx,v.69586.2023.b,BOTTLE,2023,2900,819,,,10,,True
wine_01gzr4ksmxjvbj33rw9wwkje6x,v.69588.2022.b,BOTTLE,2022,2900,860,,,3,,True
wine_01gzr4ksmxbmrcgej96rk00yk2,v.69584.2023.b,BOTTLE,2023,2700,750,,,3,,True
wine_01havwefnm0eh7v1qjpfg0ra53,v.69585.2023.b,BOTTLE,2023,3200,919,,,12,,True
wine_01hawwcz8sc6vxx6zxzrn2g0rt,v.70131.2023.b,BOTTLE,2023,2900,409,,,10,,True
wine_01h0sq47vnmjz5xwkg4gxhj7mn,v.82628.2022.b,BOTTLE,2022,2300,490,,,2,,True
wine_01hcwvb3nwv6cne5jeph61y726,v.79009.2022.b,BOTTLE,2022,3600,1195,,,6,,True
wine_01h0sq47xd1wt3cmapd9c43hq2,v.64316.2023.b,BOTTLE,2023,2500,570,,,2,,True
wine_01h0sq47xdxc0p1jdjxywpra6n,v.13447.0.b,BOTTLE,0,2500,509,,,18,,True
wine_01h0qzm2vywacbvf8ghx6w8be6,v.52868.0.b,BOTTLE,0,5000,1630,,,4,,True
wine_01hyjjcng93kwt0fjrers1ednq,v.77496.0.b,BOTTLE,0,5000,1480,,,6,,True
wine_01h0qsxmtj7pbg5xvc8sdmxm6s,v.9803.0.b,BOTTLE,0,4900,1410,,,1,,True
wine_01h0my5sc31xw889pywhc74qj3,v.96740.0.b,BOTTLE,0,2500,620,,,9,,True
